6/30/2005,6/30/2005
7/27/2005,7/27/2005
8/25/2005,8/25/2005
9/29/2005,9/29/2005
10/27/2005,10/27/2005
11/24/2005,11/24/2005
12/29/2005,12/29/2005
1/25/2006,1/25/2006
2/23/2006,2/23/2006
3/30/2006,3/30/2006
4/27/2006,4/27/2006
5/25/2006,5/25/2006
6/29/2006,6/29/2006
7/27/2006,7/27/2006
8/31/2006,8/31/2006
9/28/2006,9/28/2006
10/26/2006,10/26/2006
11/30/2006,11/30/2006
12/28/2006,12/28/2006
1/25/2007,1/25/2007
2/22/2007,2/22/2007
3/29/2007,3/29/2007
4/26/2007,4/26/2007
5/31/2007,5/31/2007
6/28/2007,6/28/2007
7/26/2007,7/26/2007
8/30/2007,8/30/2007
9/27/2007,9/27/2007
10/25/2007,10/25/2007
11/29/2007,11/29/2007
12/27/2007,12/27/2007
1/30/2008,1/30/2008
2/28/2008,2/28/2008
3/27/2008,3/27/2008
4/24/2008,4/24/2008
5/29/2008,5/29/2008
6/26/2008,6/26/2008
7/31/2008,7/31/2008
8/28/2008,8/28/2008
9/25/2008,9/25/2008
10/29/2008,10/29/2008
11/26/2008,11/26/2008
12/24/2008,12/24/2008
1/29/2009,1/29/2009
2/26/2009,2/26/2009
3/26/2009,3/26/2009
4/29/2009,4/29/2009
5/28/2009,5/28/2009
6/25/2009,6/25/2009
7/30/2009,7/30/2009
8/27/2009,8/27/2009
9/24/2009,9/24/2009
10/29/2009,10/29/2009
11/26/2009,11/26/2009
12/31/2009,12/31/2009
1/28/2010,1/28/2010
2/25/2010,2/25/2010
3/25/2010,3/25/2010
4/29/2010,4/29/2010
5/27/2010,5/27/2010
6/24/2010,6/24/2010
7/29/2010,7/29/2010
8/26/2010,8/26/2010
9/30/2010,9/30/2010
10/28/2010,10/28/2010
11/25/2010,11/25/2010
12/30/2010,12/30/2010
1/27/2011,1/27/2011
2/24/2011,2/24/2011
3/31/2011,3/31/2011
4/28/2011,4/28/2011
5/26/2011,5/26/2011
6/30/2011,6/30/2011
7/28/2011,7/28/2011
8/25/2011,8/25/2011
9/29/2011,9/29/2011
10/25/2011,10/25/2011
11/24/2011,11/24/2011
12/29/2011,12/29/2011
1/25/2012,1/25/2012
2/23/2012,2/23/2012
3/29/2012,3/29/2012
4/26/2012,4/26/2012
5/31/2012,5/31/2012
6/28/2012,6/28/2012
7/26/2012,7/26/2012
8/30/2012,8/30/2012
9/27/2012,9/27/2012
10/25/2012,10/25/2012
11/29/2012,11/29/2012
12/27/2012,12/27/2012
1/31/2013,1/31/2013
2/28/2013,2/28/2013
3/28/2013,3/28/2013
4/25/2013,4/25/2013
5/30/2013,5/30/2013
6/27/2013,6/27/2013
7/25/2013,7/25/2013
8/29/2013,8/29/2013
9/26/2013,9/26/2013
10/31/2013,10/31/2013
11/28/2013,11/28/2013
12/26/2013,12/26/2013
1/30/2014,1/30/2014
2/26/2014,2/26/2014
3/27/2014,3/27/2014
4/23/2014,4/23/2014
5/29/2014,5/29/2014
6/26/2014,6/26/2014
7/31/2014,7/31/2014
8/28/2014,8/28/2014
9/25/2014,9/25/2014
10/30/2014,10/30/2014
11/27/2014,11/27/2014
12/24/2014,12/24/2014
1/29/2015,1/29/2015
2/26/2015,2/26/2015
3/26/2015,3/26/2015
4/30/2015,4/30/2015
5/28/2015,5/28/2015
6/25/2015,6/25/2015
7/30/2015,7/30/2015
8/27/2015,8/27/2015
9/24/2015,9/24/2015
10/29/2015,10/29/2015
11/26/2015,11/26/2015
12/31/2015,12/31/2015
1/28/2016,1/28/2016
2/25/2016,2/25/2016
3/31/2016,3/31/2016
4/28/2016,4/28/2016
5/26/2016,5/26/2016
6/30/2016,6/30/2016
7/28/2016,7/28/2016
8/25/2016,8/25/2016
9/29/2016,9/29/2016
10/27/2016,10/27/2016
11/24/2016,11/24/2016
12/29/2016,12/29/2016
1/25/2017,1/25/2017
2/23/2017,2/23/2017
3/30/2017,3/30/2017
4/27/2017,4/27/2017
5/25/2017,5/25/2017
6/29/2017,6/29/2017
7/27/2017,7/27/2017
8/31/2017,8/31/2017
9/28/2017,9/28/2017
10/26/2017,10/26/2017
11/30/2017,11/30/2017
1/25/2018,12/28/2017
2/22/2018,1/25/2018
3/28/2018,2/22/2018
4/26/2018,3/28/2018
5/31/2018,4/26/2018
6/28/2018,5/31/2018
,6/28/2018
